﻿<?xml version="1.0" encoding="UTF-8" standalone="yes"?>
<addon id="service.subtitles.subsro"
       name="Subs.ro"
       version="2.0.0"
       provider-name="elisunou">
  <requires>
    <import addon="xbmc.python" version="3.0.0"/>
    <import addon="script.module.requests" version="2.31.0"/>
  </requires>
  <extension point="xbmc.subtitle.module"
             library="service.py" />
  <extension point="xbmc.addon.metadata">
    <summary lang="en_GB">Subs.ro - Romanian Subtitles with Smart Matchmaking</summary>
    <summary lang="ro_RO">Subs.ro - Subtitrări Românești cu Matchmaking Inteligent</summary>
    
    <description lang="en_GB">Advanced subtitle addon for subs.ro with intelligent matchmaking algorithm. Features include: automatic episode detection, source matching (BluRay/WEB/HDTV), release group matching, local caching for performance, VFS support for RAR/ZIP archives, automatic encoding detection for diacritics, API quota monitoring, and customizable notifications.</description>
    
    <description lang="ro_RO">Addon avansat pentru subtitrări de pe subs.ro cu algoritm inteligent de matchmaking. Funcționalități: detectare automată episoade, potrivire sursă (BluRay/WEB/HDTV), potrivire release group, cache local pentru performanță, suport VFS pentru arhive RAR/ZIP, detectare automată encoding pentru diacritice, monitorizare quota API și notificări personalizabile.</description>
    
    <disclaimer lang="en_GB">This addon requires a free API key from subs.ro. Visit https://subs.ro/api to obtain one.</disclaimer>
    
    <disclaimer lang="ro_RO">Acest addon necesită o cheie API gratuită de la subs.ro. Vizitează https://subs.ro/api pentru a obține una.</disclaimer>
    
    <platform>all</platform>
    <license>GPL-3.0-only</license>
    <forum>https://forum.kodi.tv</forum>
    <website>https://subs.ro</website>
    <source>https://github.com/your-repo/service.subtitles.subsro</source>
    <news>
v2.0.0 (2026-01-26)
- Added intelligent matchmaking algorithm with scoring system
- Implemented local cache for search results
- Added API quota monitoring and warnings
- VFS support for RAR/ZIP archives (no extraction needed)
- Automatic encoding detection for Romanian diacritics
- Smart handling of multiple episodes in archives
- Configurable download modes (Auto/Manual/Ask)
- Priority translator detection (Netflix, HBO, Amazon, etc.)
- Episode/Season/Release group matching
- Customizable notifications
- Extensive debugging options
- Full Romanian translation

v1.0.0 (Initial Release)
- Basic search and download functionality
- API integration with subs.ro
    </news>
    <assets>
      <icon>logo.png</icon>
      <fanart>fanart.jpg</fanart>
      <screenshot>resources/screenshots/screenshot-01.jpg</screenshot>
      <screenshot>resources/screenshots/screenshot-02.jpg</screenshot>
      <screenshot>resources/screenshots/screenshot-03.jpg</screenshot>
    </assets>
  </extension>
</addon>